Leaf_Color,Spots,Moisture,Temperature,Disease
Brown,Large,22.75,17.06,Blight
Yellow,Small,62.0,20.66,Healthy
Yellow,None,80.34,17.08,Healthy
Brown,Small,29.37,33.54,Blight
Yellow,Small,28.72,32.58,Rust
Yellow,Large,76.17,22.74,Blight
Green,None,26.28,28.79,Healthy
Yellow,Small,30.6,33.36,Rust
Yellow,Large,27.76,25.28,Blight
Green,Small,24.22,23.41,Healthy
Green,Large,22.57,30.56,Blight
Green,Large,31.84,26.95,Blight
Brown,Large,53.94,19.24,Blight
Green,None,55.4,23.29,Healthy
Brown,Small,82.47,23.35,Blight
Brown,None,42.12,27.71,Blight
Yellow,Large,34.5,27.54,Blight
Green,None,36.17,27.48,Healthy
Brown,Large,48.97,25.93,Blight
Yellow,None,89.48,28.11,Healthy
Green,Large,48.8,27.34,Blight
Green,None,28.36,27.2,Healthy
Yellow,None,80.8,18.62,Healthy
Brown,None,58.47,29.56,Blight
Yellow,None,72.85,16.51,Healthy
Yellow,Small,84.95,18.79,Healthy
Green,None,65.19,34.27,Healthy
Brown,None,57.19,30.7,Blight
Yellow,Large,29.12,24.61,Blight
Brown,Large,44.65,32.64,Blight
Yellow,Small,37.91,34.41,Rust
Yellow,None,57.47,16.4,Healthy
Brown,None,64.47,25.81,Blight
Yellow,Large,86.96,20.64,Blight
Brown,None,67.84,22.41,Blight
Brown,Large,55.33,22.43,Blight
Yellow,Large,84.0,32.79,Blight
Yellow,Small,32.79,32.77,Rust
Brown,None,45.44,17.6,Blight
Brown,Small,52.06,28.8,Blight
Green,None,62.48,24.91,Healthy
Green,Small,42.76,22.5,Healthy
Green,None,82.93,22.09,Healthy
Brown,None,42.49,31.1,Blight
Green,Large,21.61,19.29,Blight
Green,Large,31.35,17.56,Blight
Green,None,34.71,17.11,Healthy
Yellow,None,64.92,25.92,Healthy
Yellow,None,33.67,33.02,Rust
Yellow,Small,79.7,17.27,Healthy
Green,Small,73.07,20.47,Healthy
Green,Small,27.46,25.69,Mildew
Yellow,None,76.48,24.72,Healthy
Brown,None,75.56,32.75,Blight
Brown,Small,49.93,30.13,Blight
Yellow,None,85.03,29.89,Healthy
Yellow,None,48.36,15.14,Healthy
Brown,Small,68.13,28.67,Blight
Yellow,Small,32.67,18.83,Rust
Brown,None,31.89,19.06,Blight
Yellow,None,31.36,22.32,Rust
Green,Large,52.63,32.03,Blight
Brown,Large,44.0,33.31,Blight
Brown,Small,49.37,27.47,Blight
Green,Large,43.05,26.39,Blight
Yellow,None,83.14,33.57,Healthy
Brown,Small,33.12,23.26,Blight
Brown,Large,58.17,29.58,Blight
Brown,Small,63.94,33.43,Blight
Green,Small,78.43,31.35,Mildew
Brown,Small,51.14,27.53,Blight
Brown,None,21.9,17.52,Blight
Brown,Large,64.3,16.19,Blight
Yellow,None,74.27,21.99,Healthy
Green,None,56.14,20.01,Healthy
Brown,Small,77.63,18.03,Blight
Yellow,None,72.24,34.65,Healthy
Green,Small,23.73,23.69,Healthy
Green,Small,34.55,24.16,Healthy
Green,Small,55.27,18.84,Healthy
Yellow,Small,78.01,18.68,Healthy
Yellow,Large,52.46,31.23,Blight
Yellow,None,22.97,25.17,Rust
Green,Small,81.42,24.43,Healthy
Yellow,None,76.22,19.38,Healthy
Brown,Small,80.76,22.19,Blight
Brown,Small,69.56,26.0,Blight
Green,Large,73.27,23.14,Blight
Green,Small,69.83,25.43,Mildew
Green,Large,41.13,29.77,Blight
Brown,None,30.45,34.78,Blight
Yellow,Small,67.57,20.55,Healthy
Yellow,Small,56.6,18.11,Healthy
Yellow,Small,31.9,15.5,Rust
Yellow,Large,63.26,28.49,Blight
Brown,Small,34.39,27.83,Blight
Green,None,40.58,17.98,Healthy
Green,Small,28.52,27.86,Mildew
Green,Large,54.64,19.54,Blight
Yellow,Small,42.35,29.55,Mildew
Yellow,Large,76.85,18.42,Blight
Yellow,None,84.32,28.19,Healthy
Brown,None,31.44,32.6,Blight
Yellow,Large,73.11,31.51,Blight
Green,Large,72.59,21.66,Blight
Green,None,49.02,24.7,Healthy
Green,Large,23.72,33.09,Blight
Green,None,70.33,27.67,Healthy
Brown,None,53.92,32.44,Blight
Green,None,81.9,24.57,Healthy
Brown,Large,47.98,32.29,Blight
Brown,None,20.3,31.71,Blight
Yellow,Small,74.28,29.39,Mildew
Yellow,Large,41.59,15.34,Blight
Brown,Large,58.09,19.49,Blight
Yellow,Large,33.64,17.55,Blight
Green,Small,50.81,24.36,Healthy
Yellow,Small,79.24,20.37,Healthy
Yellow,Small,30.69,31.74,Rust
Yellow,Large,35.31,28.06,Blight
Green,None,66.78,20.97,Healthy
Green,Small,77.0,23.46,Healthy
Green,Small,87.14,21.93,Healthy
Yellow,Large,41.46,22.33,Blight
Green,Small,43.32,33.09,Mildew
Yellow,Small,84.78,34.29,Mildew
Yellow,Large,84.78,23.6,Blight
Green,Large,75.32,23.75,Blight
Yellow,None,24.04,17.96,Rust
Green,Small,28.27,22.87,Healthy
Brown,Large,55.72,34.75,Blight
Brown,Large,35.1,20.27,Blight
Brown,Small,47.49,21.55,Blight
Green,Small,63.41,16.99,Healthy
Yellow,None,58.74,24.23,Healthy
Yellow,Small,73.51,29.41,Mildew
Brown,Large,42.02,27.82,Blight
Brown,Small,31.19,32.29,Blight
Green,None,82.41,18.53,Healthy
Green,Large,47.5,21.58,Blight
Brown,Small,69.89,31.4,Blight
Yellow,Small,29.5,32.38,Rust
Yellow,None,51.17,31.29,Healthy
Green,Small,41.84,31.97,Mildew
Green,Small,57.2,33.65,Mildew
Brown,Small,68.48,25.1,Blight
Yellow,Large,64.06,24.44,Blight
Yellow,Small,29.62,16.95,Rust
Green,Large,83.94,27.96,Blight
Brown,None,22.73,18.35,Blight
Brown,Small,85.83,30.45,Blight
Brown,Large,21.4,18.99,Blight
Green,Large,71.94,28.88,Blight
Brown,Large,26.48,24.75,Blight
Yellow,Small,58.9,26.66,Mildew
Brown,Large,47.35,26.31,Blight
Brown,None,31.64,30.87,Blight
Brown,Large,67.72,17.75,Blight
Green,None,49.01,27.55,Healthy
Yellow,Small,70.54,29.89,Mildew
Yellow,None,26.64,17.75,Rust
Brown,None,27.42,18.09,Blight
Yellow,Small,38.2,22.86,Rust
Green,Large,24.83,16.52,Blight
Brown,None,32.47,33.85,Blight
Yellow,Small,73.68,28.64,Mildew
Brown,Small,72.99,34.48,Blight
Green,Small,25.86,21.13,Healthy
Green,None,23.15,34.14,Healthy
Yellow,Small,60.73,26.46,Mildew
Yellow,Large,75.66,31.08,Blight
Green,Large,68.28,28.19,Blight
Brown,Large,35.79,23.4,Blight
Green,None,55.03,17.98,Healthy
Yellow,Large,43.4,26.75,Blight
Green,Small,47.68,27.02,Mildew
Yellow,Large,30.41,32.39,Blight
Yellow,Small,24.36,29.23,Rust
Green,Small,34.3,21.69,Healthy
Yellow,Small,37.41,24.53,Rust
Green,None,54.5,21.78,Healthy
Brown,Large,48.62,22.23,Blight
Yellow,Large,50.23,26.16,Blight
Green,Large,63.44,28.32,Blight
Green,None,71.42,34.66,Healthy
Green,None,21.02,34.53,Healthy
Brown,Large,72.66,17.13,Blight
Brown,Large,30.09,25.61,Blight
Green,None,87.34,25.66,Healthy
Green,Small,82.69,28.98,Mildew
Yellow,Large,40.0,21.48,Blight
Yellow,Large,30.13,26.77,Blight
Brown,Small,79.75,34.15,Blight
Yellow,None,79.54,32.62,Healthy
Green,None,59.24,16.97,Healthy
Brown,None,70.69,32.33,Blight
Green,None,47.18,30.39,Healthy
Green,None,47.52,26.68,Healthy
Brown,None,46.71,28.81,Blight
Brown,None,79.29,34.97,Blight
Green,Large,77.74,19.03,Blight
Yellow,None,68.29,32.95,Healthy
Brown,None,62.81,32.52,Blight
Yellow,Small,39.52,25.49,Rust
Brown,Small,66.46,19.36,Blight
Green,Large,68.33,24.79,Blight
Yellow,Large,84.31,29.99,Blight
Brown,Small,59.02,22.79,Blight
Yellow,Large,26.34,22.79,Blight
Brown,None,20.62,21.97,Blight
Green,Large,23.21,26.33,Blight
Yellow,Large,36.73,24.3,Blight
Brown,None,81.54,29.78,Blight
Green,Small,60.21,27.12,Mildew
Brown,Large,51.77,33.51,Blight
Yellow,Large,88.43,20.69,Blight
Green,Small,37.84,21.84,Healthy
Yellow,None,62.41,32.79,Healthy
Brown,None,63.57,16.34,Blight
Yellow,None,31.32,18.41,Rust
Green,None,71.72,15.5,Healthy
Yellow,Large,43.48,19.45,Blight
Yellow,Large,52.78,32.41,Blight
Green,Small,68.09,24.54,Healthy
Yellow,None,28.67,28.66,Rust
Brown,None,88.13,32.48,Blight
Brown,None,22.5,28.91,Blight
Brown,Small,61.04,28.05,Blight
Green,Large,77.69,20.98,Blight
Green,Small,25.4,26.25,Mildew
Brown,Small,56.27,24.56,Blight
Yellow,None,61.42,29.08,Healthy
Brown,Small,59.83,25.93,Blight
Yellow,None,57.88,16.4,Healthy
Green,Large,51.67,21.33,Blight
Brown,None,57.28,18.51,Blight
Yellow,None,66.25,16.86,Healthy
Yellow,None,66.67,30.88,Healthy
Brown,Large,48.38,17.71,Blight
Brown,Large,65.57,33.48,Blight
Brown,None,78.36,32.34,Blight
Yellow,None,87.26,34.71,Healthy
Green,Large,58.57,18.4,Blight
Green,None,38.71,26.44,Healthy
Yellow,Small,28.85,16.45,Rust
Yellow,Large,85.29,25.72,Blight
Yellow,None,24.51,18.2,Rust
Green,Small,60.69,34.55,Mildew
Yellow,None,32.18,24.44,Rust
Brown,None,79.31,25.57,Blight
Green,Large,85.25,23.16,Blight
Green,Small,87.28,20.69,Healthy
Yellow,Large,47.28,22.46,Blight
Brown,Small,40.56,30.02,Blight
Green,None,39.78,25.48,Healthy
Yellow,Small,42.37,30.03,Mildew
Yellow,Small,61.51,30.68,Mildew
Brown,Large,59.17,31.77,Blight
Green,None,22.88,32.34,Healthy
Green,Small,73.01,25.94,Mildew
Green,Large,55.11,24.74,Blight
Yellow,None,45.83,26.02,Healthy
Green,Small,22.0,23.2,Healthy
Brown,Small,54.79,22.79,Blight
Brown,None,72.97,30.66,Blight
Brown,Small,32.44,15.2,Blight
Green,None,32.31,18.37,Healthy
Brown,Small,28.17,26.33,Blight
Green,Large,76.45,18.25,Blight
Green,Large,57.51,15.9,Blight
Green,Large,54.06,24.99,Blight
Yellow,None,70.71,16.3,Healthy
Yellow,Small,75.51,28.24,Mildew
Brown,Small,69.62,15.6,Blight
Brown,Large,21.54,33.97,Blight
Yellow,None,65.95,31.62,Healthy
Yellow,None,70.42,21.13,Healthy
Yellow,Large,76.54,28.58,Blight
Brown,Small,69.35,34.97,Blight
Brown,None,64.01,28.81,Blight
Green,Small,35.22,27.21,Mildew
Yellow,None,87.86,18.11,Healthy
Brown,Large,41.16,31.25,Blight
Brown,Large,20.02,17.51,Blight
Green,Large,75.23,19.1,Blight
Brown,Small,22.98,28.88,Blight
Brown,Large,82.19,26.72,Blight
Green,Small,55.48,32.48,Mildew
Brown,Large,29.42,26.79,Blight
Brown,Small,69.72,25.16,Blight
Green,None,67.03,17.93,Healthy
Yellow,Large,20.74,31.54,Blight
Green,Small,87.55,29.65,Mildew
Brown,Large,76.31,31.08,Blight
Brown,None,62.15,33.37,Blight
Green,Large,74.15,33.26,Blight
Brown,Large,87.78,30.13,Blight
Green,None,41.74,24.92,Healthy
Yellow,None,73.86,34.12,Healthy
Green,Small,59.31,16.24,Healthy
Green,Large,62.97,15.62,Blight
Yellow,None,56.44,18.65,Healthy
Yellow,Large,38.55,16.03,Blight
Green,Large,78.65,25.72,Blight
Brown,Small,52.07,22.7,Blight
Green,None,31.16,28.08,Healthy
Green,Small,24.66,15.78,Healthy
Brown,Large,82.23,25.66,Blight
Green,Small,66.69,34.86,Mildew
Yellow,Large,37.73,34.91,Blight
Brown,Small,85.34,31.44,Blight
Brown,Large,65.15,20.85,Blight
Brown,Small,85.1,32.92,Blight
Brown,Large,57.99,24.79,Blight
Yellow,None,45.95,22.7,Healthy
Yellow,None,56.57,17.99,Healthy
Brown,Small,37.65,34.35,Blight
Green,Large,83.64,31.51,Blight
Brown,Small,71.33,17.32,Blight
Brown,Small,33.51,16.29,Blight
Yellow,Small,22.4,20.67,Rust
Green,Small,31.06,16.06,Healthy
Brown,None,38.19,20.72,Blight
Yellow,Large,39.97,32.64,Blight
Brown,Large,76.79,32.58,Blight
Green,None,56.02,22.65,Healthy
Brown,Large,51.04,23.6,Blight
Brown,Small,79.42,18.03,Blight
Yellow,Small,45.36,16.42,Healthy
Green,None,35.07,26.3,Healthy
Yellow,Large,25.65,26.62,Blight
Green,None,40.5,19.09,Healthy
Yellow,Large,45.47,31.4,Blight
Brown,Large,89.05,17.14,Blight
Brown,None,71.25,22.16,Blight
Green,Large,73.47,27.42,Blight
Brown,Small,20.27,32.41,Blight
Yellow,Large,39.06,20.97,Blight
Brown,None,88.01,25.97,Blight
Yellow,Small,43.97,32.61,Mildew
Green,None,57.41,32.88,Healthy
Brown,None,37.49,32.98,Blight
Green,Small,44.02,19.24,Healthy
Brown,None,76.45,34.13,Blight
Yellow,Large,65.08,30.02,Blight
Yellow,Large,25.6,28.86,Blight
Yellow,None,53.59,19.25,Healthy
Yellow,Small,60.0,20.63,Healthy
Green,Large,28.94,18.41,Blight
Brown,None,82.6,23.29,Blight
Brown,Large,48.89,24.28,Blight
Brown,Small,44.35,33.14,Blight
Green,None,61.25,15.86,Healthy
Green,None,76.72,20.99,Healthy
Green,None,70.09,29.16,Healthy
Brown,Large,44.06,29.59,Blight
Brown,None,77.38,26.33,Blight
Green,None,35.03,18.07,Healthy
Green,Large,69.4,31.93,Blight
Yellow,Large,69.36,17.63,Blight
Brown,Small,57.42,29.91,Blight
Green,Large,25.54,22.92,Blight
Brown,None,56.3,27.61,Blight
Yellow,Large,40.88,21.04,Blight
Green,Large,61.99,24.0,Blight
Brown,Small,76.53,17.29,Blight
Brown,Large,39.99,21.02,Blight
Green,Large,49.5,24.99,Blight
Yellow,Small,58.69,21.68,Healthy
Brown,Small,78.3,25.88,Blight
Brown,None,61.72,28.36,Blight
Yellow,Large,66.92,17.51,Blight
Yellow,Large,26.22,20.71,Blight
Green,None,65.1,17.19,Healthy
Brown,Small,20.38,15.95,Blight
Yellow,Small,55.62,15.42,Healthy
Green,Small,39.01,30.75,Mildew
Brown,None,79.49,33.67,Blight
Green,Large,63.22,19.38,Blight
Green,Large,55.91,31.53,Blight
Green,None,83.34,33.92,Healthy
Yellow,None,86.8,19.73,Healthy
Brown,None,22.26,28.04,Blight
Yellow,Large,47.65,21.79,Blight
Yellow,Large,34.62,20.44,Blight
Green,Large,48.37,24.92,Blight
Green,Large,46.06,27.52,Blight
Green,None,86.77,29.31,Healthy
Yellow,None,57.33,30.35,Healthy
Brown,Large,45.74,22.78,Blight
Brown,None,52.38,18.53,Blight
Green,Small,34.35,28.04,Mildew
Yellow,Large,85.82,19.93,Blight
Brown,Large,57.03,21.65,Blight
Green,Large,70.4,27.22,Blight
Brown,Large,48.69,31.25,Blight
Yellow,Small,24.4,17.47,Rust
Green,None,26.59,32.18,Healthy
Yellow,Small,89.82,34.94,Mildew
Brown,Small,43.73,28.44,Blight
Brown,Large,32.5,18.89,Blight
Brown,None,71.28,30.9,Blight
Yellow,Small,75.47,16.5,Healthy
Green,None,20.94,21.29,Healthy
Brown,Large,23.19,16.42,Blight
Brown,Large,46.29,28.68,Blight
Brown,None,88.09,22.44,Blight
Brown,Small,22.89,16.14,Blight
Green,Small,35.41,33.01,Mildew
Green,Large,85.74,16.55,Blight
Yellow,Large,76.44,31.79,Blight
Brown,None,32.86,22.21,Blight
Green,Small,51.21,23.74,Healthy
Yellow,Large,82.36,16.24,Blight
Yellow,Small,53.18,18.48,Healthy
Green,Large,87.37,21.37,Blight
Yellow,Small,87.16,29.56,Mildew
Green,Large,23.21,24.63,Blight
Green,Large,51.74,19.29,Blight
Green,Large,63.58,21.78,Blight
Yellow,Small,88.46,28.16,Mildew
Brown,None,55.01,17.34,Blight
Green,None,39.97,32.95,Healthy
Green,None,43.9,34.23,Healthy
Brown,None,87.45,26.36,Blight
Yellow,Small,78.8,18.51,Healthy
Green,None,68.93,34.11,Healthy
Yellow,Large,72.48,22.43,Blight
Green,Small,31.68,34.29,Mildew
Brown,Small,39.29,15.75,Blight
Yellow,Small,57.18,28.65,Mildew
Brown,Large,34.0,27.69,Blight
Brown,None,88.58,17.4,Blight
Yellow,None,57.02,21.38,Healthy
Green,None,29.63,28.86,Healthy
Brown,Large,66.5,17.73,Blight
Green,Large,20.2,22.71,Blight
Yellow,None,33.26,17.69,Rust
Brown,None,49.61,21.45,Blight
Green,Small,84.96,16.39,Healthy
Brown,Large,47.74,21.81,Blight
Brown,None,68.54,20.76,Blight
Yellow,Large,46.33,22.95,Blight
Yellow,Large,69.84,16.93,Blight
Brown,Large,30.05,29.73,Blight
Yellow,Large,42.83,29.83,Blight
Yellow,None,54.6,15.4,Healthy
Brown,None,78.69,18.87,Blight
Yellow,Large,83.97,34.41,Blight
Green,Small,76.91,24.24,Healthy
Green,None,63.76,32.78,Healthy
Green,Small,70.24,22.84,Healthy
Brown,None,71.59,32.58,Blight
Brown,None,62.32,20.24,Blight
Brown,None,28.37,28.09,Blight
Yellow,Small,25.75,31.81,Rust
Brown,Large,43.44,22.58,Blight
Yellow,Small,72.63,22.01,Healthy
Yellow,Large,73.67,17.98,Blight
Yellow,Small,67.83,32.98,Mildew
Yellow,None,48.27,21.6,Healthy
Brown,Large,35.06,29.64,Blight
Brown,None,20.91,28.54,Blight
Brown,Large,24.14,32.58,Blight
Green,Large,46.13,26.8,Blight
Yellow,Small,89.7,32.62,Mildew
Green,None,23.89,31.72,Healthy
Brown,Large,47.15,15.09,Blight
Green,Small,44.3,31.47,Mildew
Green,None,29.86,23.54,Healthy
Brown,None,84.04,24.24,Blight
Green,Small,24.11,28.46,Mildew
Brown,Small,46.72,25.46,Blight
Brown,None,38.99,22.81,Blight
Yellow,Large,31.95,34.2,Blight
Brown,None,70.26,26.15,Blight
Brown,Small,21.14,28.38,Blight
Green,Small,84.07,34.28,Mildew
Brown,Small,57.0,15.83,Blight
Green,None,41.9,29.63,Healthy
Brown,None,68.92,32.73,Blight
Brown,None,44.76,19.05,Blight
Yellow,Large,71.17,26.85,Blight
Green,Small,84.41,25.97,Mildew
Green,Large,50.46,24.96,Blight
Green,Small,38.86,22.14,Healthy
Green,Small,28.02,27.07,Mildew
Brown,Large,41.82,20.53,Blight
Yellow,Large,55.05,25.91,Blight
Green,Large,33.77,32.05,Blight
Green,None,66.09,16.2,Healthy
Green,Large,71.7,19.31,Blight
Green,None,41.48,32.38,Healthy
Green,None,87.94,19.01,Healthy
Brown,Small,29.49,34.95,Blight
Green,None,25.29,28.06,Healthy
Yellow,Small,72.32,28.97,Mildew
Brown,Large,84.48,29.51,Blight
Yellow,Large,58.24,21.16,Blight
Yellow,None,48.37,31.26,Healthy
Brown,None,35.82,32.26,Blight
Green,None,50.98,16.2,Healthy
Brown,Small,29.63,26.85,Blight
Brown,Small,28.33,20.97,Blight
Yellow,Large,52.05,23.9,Blight
Green,Small,69.76,31.77,Mildew
Yellow,Small,46.05,33.31,Mildew
Brown,Small,66.14,27.31,Blight
Yellow,None,87.91,29.84,Healthy
Yellow,Small,41.94,28.76,Mildew
Green,None,46.75,28.91,Healthy
Yellow,Small,73.0,29.31,Mildew
Green,Large,67.13,24.81,Blight
Green,Large,30.86,30.89,Blight
Green,Small,32.26,30.01,Mildew
Yellow,Small,30.62,26.11,Rust
Green,Small,69.62,27.72,Mildew
Brown,Large,50.86,27.15,Blight
Green,None,82.51,29.67,Healthy
Brown,Small,20.27,26.04,Blight
Yellow,Large,67.32,16.89,Blight
Yellow,Large,65.78,20.65,Blight
Brown,Small,81.3,15.49,Blight
Green,Large,53.92,17.39,Blight
Yellow,Small,40.09,32.59,Mildew
Yellow,Large,53.62,32.41,Blight
Brown,None,72.25,30.83,Blight
Brown,Large,29.01,22.8,Blight
Green,Large,68.59,21.44,Blight
Yellow,Small,67.3,22.6,Healthy
Green,None,48.74,34.39,Healthy
Brown,None,56.29,26.36,Blight
Green,Large,71.27,23.15,Blight
Brown,None,61.16,22.36,Blight
Green,Small,34.48,22.1,Healthy
Yellow,Large,84.17,25.54,Blight
Brown,Small,63.68,19.37,Blight
Yellow,None,40.15,28.47,Healthy
Brown,Large,78.67,21.89,Blight
Green,None,53.95,28.16,Healthy
Brown,Large,20.34,17.68,Blight
Yellow,Small,24.66,28.85,Rust
Brown,None,21.26,31.97,Blight
Yellow,Small,69.81,21.01,Healthy
Green,Small,35.49,17.42,Healthy
Yellow,None,84.42,15.1,Healthy
Brown,Large,42.62,33.26,Blight
Brown,Large,35.2,17.64,Blight
Yellow,Large,66.82,18.55,Blight
Green,Small,89.77,23.28,Healthy
Yellow,Large,84.04,21.23,Blight
Yellow,None,88.84,21.66,Healthy
Green,None,26.87,32.05,Healthy
Yellow,Large,20.44,24.97,Blight
Brown,Small,71.71,31.19,Blight
Green,Small,25.17,20.57,Healthy
Yellow,Large,65.98,24.15,Blight
Brown,None,27.73,20.45,Blight
Green,Large,47.44,34.59,Blight
Brown,None,52.22,24.25,Blight
Green,Large,22.49,19.4,Blight
Yellow,Large,45.15,17.81,Blight
Green,None,57.2,30.64,Healthy
Yellow,None,74.93,15.54,Healthy
Brown,Small,85.16,26.12,Blight
Yellow,Small,89.52,15.4,Healthy
Yellow,None,85.74,34.27,Healthy
Brown,Large,27.97,28.69,Blight
Yellow,None,84.45,34.81,Healthy
Brown,Large,86.98,33.45,Blight
Yellow,Small,86.06,28.45,Mildew
Yellow,Small,48.05,28.5,Mildew
Yellow,Small,52.45,33.14,Mildew
Brown,Small,76.52,18.15,Blight
Green,Large,60.61,25.57,Blight
Brown,Large,70.81,24.4,Blight
Yellow,None,34.32,19.3,Rust
Yellow,Small,36.09,17.21,Rust
Yellow,None,58.9,15.11,Healthy
Yellow,None,21.88,33.5,Rust
Brown,None,68.27,33.93,Blight
Yellow,None,62.61,15.89,Healthy
Green,Small,69.0,23.61,Healthy
Yellow,Large,76.91,28.02,Blight
Yellow,None,77.24,23.28,Healthy
Green,Small,29.15,19.68,Healthy
Brown,Large,75.39,30.17,Blight
Brown,Large,38.02,16.83,Blight
Brown,Small,89.35,20.37,Blight
Brown,None,77.29,33.26,Blight
Yellow,Small,57.03,23.77,Healthy
Yellow,Large,35.99,32.02,Blight
Brown,None,22.99,25.65,Blight
Brown,Large,66.64,17.33,Blight
Green,None,87.08,33.78,Healthy
Brown,Small,58.64,30.66,Blight
Brown,None,61.26,18.89,Blight
Green,Small,65.83,15.74,Healthy
Brown,Large,25.44,20.69,Blight
Brown,Small,72.11,29.45,Blight
Green,None,78.1,17.4,Healthy
Green,Large,69.76,24.05,Blight
Yellow,Large,83.88,33.74,Blight
Brown,Large,42.57,21.5,Blight
Green,Small,83.09,19.16,Healthy
Brown,Small,51.04,15.56,Blight
Brown,None,26.78,34.33,Blight
Brown,Small,56.62,33.97,Blight
Green,Large,34.22,29.23,Blight
Brown,None,85.3,30.53,Blight
Green,Small,28.19,33.36,Mildew
Green,Large,88.79,15.58,Blight
Brown,Small,30.92,23.26,Blight
Yellow,Large,50.2,17.61,Blight
Yellow,Small,76.36,33.91,Mildew
Green,None,52.69,30.09,Healthy
Brown,Large,29.96,32.54,Blight
Green,None,45.45,18.43,Healthy
Yellow,None,59.93,25.29,Healthy
Brown,Large,40.51,26.7,Blight
Green,Small,53.12,25.11,Mildew
Green,Large,85.41,28.26,Blight
Brown,Large,49.62,28.72,Blight
Brown,None,58.93,30.54,Blight
Yellow,Large,28.86,20.11,Blight
Brown,Large,33.72,28.52,Blight
Green,Large,76.41,17.16,Blight
Yellow,Small,39.14,31.14,Rust
Brown,None,81.48,24.92,Blight
Yellow,Large,66.88,21.13,Blight
Green,None,82.93,20.45,Healthy
Green,Large,62.36,18.93,Blight
Brown,None,86.46,34.76,Blight
Brown,Large,84.56,20.12,Blight
Brown,None,79.66,17.63,Blight
Yellow,Large,52.52,33.04,Blight
Brown,None,79.99,33.25,Blight
Yellow,Small,38.32,22.64,Rust
Brown,Large,65.88,18.55,Blight
Brown,Small,50.69,29.25,Blight
Green,Large,34.46,24.56,Blight
Brown,Small,61.31,28.1,Blight
Brown,Large,21.02,16.49,Blight
Brown,Small,64.45,19.9,Blight
Yellow,Small,32.78,21.76,Rust
Yellow,Large,25.73,24.24,Blight
Green,Small,40.14,30.78,Mildew
Green,None,34.41,15.72,Healthy
Yellow,Large,71.89,22.02,Blight
Brown,None,47.67,23.68,Blight
Brown,Large,24.55,23.56,Blight
Green,None,62.22,22.72,Healthy
Brown,None,61.24,27.06,Blight
Green,None,88.5,25.15,Healthy
Green,None,50.85,34.23,Healthy
Brown,Small,36.87,28.25,Blight
Brown,None,24.7,24.22,Blight
Green,Large,30.28,25.23,Blight
Yellow,None,49.36,32.67,Healthy
Brown,None,74.64,27.82,Blight
Yellow,Small,47.58,16.22,Healthy
Green,Large,22.37,34.9,Blight
Green,Small,64.98,15.51,Healthy
Yellow,None,59.42,33.37,Healthy
Yellow,Large,43.41,26.03,Blight
Green,Small,24.07,21.82,Healthy
Brown,Large,36.13,21.14,Blight
Brown,Small,78.35,20.35,Blight
Brown,None,20.1,23.91,Blight
Brown,None,31.12,29.54,Blight
Green,Large,88.34,20.43,Blight
Brown,Small,44.7,33.88,Blight
Brown,Large,52.6,33.12,Blight
Yellow,Large,36.08,21.15,Blight
Yellow,Small,35.08,28.38,Rust
Yellow,Large,32.41,32.35,Blight
Green,None,57.66,23.87,Healthy
Yellow,None,81.56,24.34,Healthy
Brown,Large,35.9,29.3,Blight
Brown,None,73.9,23.93,Blight
Yellow,Large,42.32,17.15,Blight
Yellow,None,55.6,24.97,Healthy
Brown,Small,77.88,32.04,Blight
Brown,None,58.83,21.27,Blight
Green,None,55.02,21.01,Healthy
Green,Small,59.27,28.32,Mildew
Brown,Small,74.64,34.76,Blight
Brown,None,71.86,32.45,Blight
Brown,Large,86.82,25.63,Blight
Brown,None,82.85,32.69,Blight
Brown,None,48.24,17.51,Blight
Green,Large,41.85,23.78,Blight
Yellow,Large,57.96,27.59,Blight
Yellow,None,72.44,17.7,Healthy
Green,None,81.41,26.04,Healthy
Brown,Large,51.02,25.98,Blight
Yellow,Large,83.23,33.12,Blight
Green,None,72.23,30.95,Healthy
Yellow,Large,86.57,27.64,Blight
Brown,None,28.02,25.8,Blight
Yellow,Large,29.42,28.49,Blight
Yellow,Small,76.45,28.94,Mildew
Yellow,Large,85.81,22.22,Blight
Green,Large,63.0,16.64,Blight
Green,Small,75.13,25.8,Mildew
Green,Small,43.4,26.3,Mildew
Brown,Large,40.79,18.5,Blight
Brown,None,77.27,16.52,Blight
Yellow,None,43.3,19.58,Healthy
Green,None,83.47,25.46,Healthy
Brown,Small,75.92,33.76,Blight
Yellow,Small,36.21,21.16,Rust
Yellow,Large,71.39,16.99,Blight
Green,None,43.0,15.73,Healthy
Yellow,Large,51.19,17.11,Blight
Brown,None,37.7,21.6,Blight
Green,Large,27.77,21.59,Blight
Brown,Large,33.35,23.21,Blight
Brown,Large,75.3,24.52,Blight
Brown,Small,65.28,15.37,Blight
Yellow,Small,52.59,15.26,Healthy
Brown,Large,88.69,19.97,Blight
Yellow,Small,55.06,22.05,Healthy
Yellow,Small,72.46,19.94,Healthy
Yellow,None,84.84,17.14,Healthy
Green,Large,79.2,22.14,Blight
Yellow,Large,25.87,21.48,Blight
Green,Large,46.22,33.95,Blight
Brown,Small,20.0,22.67,Blight
Yellow,Small,86.32,29.75,Mildew
Brown,Small,51.68,22.37,Blight
Green,Large,83.3,33.94,Blight
Brown,Large,24.3,28.38,Blight
Yellow,Small,77.84,27.29,Mildew
Yellow,Small,44.48,29.4,Mildew
Green,Small,81.12,34.49,Mildew
Yellow,Small,33.19,28.06,Rust
Green,Large,78.52,19.75,Blight
Brown,Small,74.77,34.65,Blight
Yellow,Large,88.02,30.55,Blight
Green,Large,88.29,30.94,Blight
Brown,Large,52.61,22.3,Blight
Brown,Small,63.84,34.75,Blight
Yellow,Large,86.41,27.55,Blight
Green,Large,88.83,18.02,Blight
Yellow,Large,81.78,29.62,Blight
Green,Large,54.49,22.7,Blight
Brown,None,46.95,23.21,Blight
Brown,None,63.99,25.92,Blight
Brown,Large,81.92,29.61,Blight
Green,Small,66.22,24.55,Healthy
Green,Small,30.69,15.15,Healthy
Green,Small,40.64,26.28,Mildew
Green,Large,47.15,28.42,Blight
Yellow,Large,86.66,21.96,Blight
Green,None,66.15,30.45,Healthy
Yellow,None,78.2,22.72,Healthy
Yellow,None,20.75,24.3,Rust
Brown,Small,39.35,26.31,Blight
Green,Large,38.96,16.48,Blight
Yellow,None,44.37,18.34,Healthy
Green,None,75.47,30.12,Healthy
Brown,Large,40.03,18.3,Blight
Yellow,Large,89.7,29.58,Blight
Yellow,Small,75.52,20.97,Healthy
Yellow,None,61.93,18.57,Healthy
Green,Large,52.8,26.46,Blight
Green,Small,49.6,24.45,Healthy
Yellow,None,77.93,25.55,Healthy
Green,Small,36.29,23.79,Healthy
Yellow,None,47.51,24.6,Healthy
Yellow,Small,37.26,21.61,Rust
Yellow,None,59.23,19.16,Healthy
Yellow,Large,81.63,26.44,Blight
Yellow,Small,27.48,27.21,Rust
Brown,Large,63.08,25.03,Blight
Green,Large,25.66,19.41,Blight
Brown,None,33.89,21.65,Blight
Yellow,None,81.85,30.5,Healthy
Yellow,Large,53.11,30.07,Blight
Green,None,49.81,31.76,Healthy
Yellow,Large,41.24,26.81,Blight
Brown,None,82.17,26.92,Blight
Brown,Large,22.98,28.01,Blight
Brown,Small,78.37,17.5,Blight
Yellow,None,73.0,24.4,Healthy
Yellow,Small,75.23,20.51,Healthy
Brown,Small,80.47,29.08,Blight
Green,Large,73.67,22.09,Blight
Green,None,51.17,31.46,Healthy
Yellow,None,64.01,24.51,Healthy
Green,Small,56.28,26.74,Mildew
Yellow,Large,69.35,20.72,Blight
Green,None,54.33,16.82,Healthy
Brown,Small,36.67,17.89,Blight
Yellow,Large,36.41,15.47,Blight
Brown,Small,77.86,24.69,Blight
Yellow,Large,33.23,16.96,Blight
Brown,None,42.16,26.47,Blight
Green,None,88.15,28.44,Healthy
Green,None,71.79,23.23,Healthy
Yellow,None,50.16,20.17,Healthy
Yellow,Small,79.05,30.52,Mildew
Green,Small,77.55,18.41,Healthy
Green,None,48.78,23.43,Healthy
Yellow,Small,58.98,23.9,Healthy
Brown,Large,35.18,19.77,Blight
Green,Small,25.96,22.95,Healthy
Brown,Large,59.17,26.8,Blight
Green,Large,65.91,32.46,Blight
Yellow,None,31.94,28.22,Rust
Green,Large,66.91,24.78,Blight
Yellow,Large,59.47,32.89,Blight
Green,Small,50.89,29.86,Mildew
Yellow,Small,75.21,18.16,Healthy
Yellow,Small,61.01,31.3,Mildew
Brown,None,53.64,15.59,Blight
Yellow,Large,60.02,25.01,Blight
Brown,None,71.03,31.11,Blight
Brown,Large,41.62,24.25,Blight
Brown,None,54.99,17.93,Blight
Brown,Large,88.77,23.14,Blight
Yellow,Small,54.36,18.66,Healthy
Brown,Large,61.65,16.77,Blight
Green,Large,24.21,27.16,Blight
Yellow,Large,89.34,20.85,Blight
Green,Large,75.78,22.66,Blight
Brown,Large,25.98,31.77,Blight
Brown,Large,60.45,28.89,Blight
Brown,Small,38.48,21.2,Blight
Green,Small,40.13,27.49,Mildew
Yellow,Large,33.8,34.97,Blight
Brown,None,89.84,18.46,Blight
Brown,None,45.61,31.96,Blight
Yellow,Small,89.09,23.52,Healthy
Brown,Small,68.54,18.75,Blight
Green,Small,67.34,24.73,Healthy
Yellow,Large,76.74,26.49,Blight
Brown,None,50.22,19.04,Blight
Green,None,36.95,22.9,Healthy
Brown,Small,72.29,31.15,Blight
Green,Large,75.22,29.49,Blight
Yellow,Small,50.74,29.83,Mildew
Yellow,Large,56.34,30.8,Blight
Green,Large,85.91,34.6,Blight
Brown,Large,81.77,25.61,Blight
Green,Large,35.1,18.82,Blight
Green,None,61.59,32.34,Healthy
Green,Small,38.03,29.5,Mildew
Brown,None,32.77,19.77,Blight
Brown,None,51.98,24.0,Blight
Green,Large,20.16,31.22,Blight
Brown,Large,64.38,27.39,Blight
Yellow,Small,80.81,25.01,Mildew
Green,Large,61.15,32.65,Blight
Green,Small,74.16,23.76,Healthy
Yellow,Small,82.58,25.32,Mildew
Yellow,None,30.73,29.76,Rust
Brown,Small,35.53,25.25,Blight
Yellow,Large,75.51,32.28,Blight
Green,Large,76.62,16.99,Blight
Brown,Small,81.67,17.6,Blight
Brown,None,61.89,26.53,Blight
Yellow,Small,87.77,27.36,Mildew
Yellow,Small,47.9,32.17,Mildew
Yellow,Small,50.11,34.31,Mildew
Green,None,52.01,34.56,Healthy
Green,Small,64.92,27.93,Mildew
Green,Large,79.85,34.44,Blight
Yellow,Small,46.23,21.85,Healthy
Brown,Small,84.86,22.21,Blight
Green,Large,89.05,17.78,Blight
Green,Large,73.48,28.14,Blight
Yellow,None,30.56,34.91,Rust
Green,Large,63.48,33.65,Blight
Brown,Small,65.22,21.1,Blight
Brown,Small,46.96,18.79,Blight
Yellow,Small,63.44,29.7,Mildew
Green,Small,87.91,20.79,Healthy
Green,None,33.39,32.45,Healthy
Yellow,Small,50.21,34.08,Mildew
Green,Small,45.96,15.3,Healthy
Brown,Small,50.61,34.8,Blight
Green,Small,89.94,29.94,Mildew
Yellow,Small,81.88,31.06,Mildew
Yellow,None,47.52,23.17,Healthy
Green,Small,37.92,27.74,Mildew
Yellow,Small,57.35,31.89,Mildew
Yellow,Small,28.74,19.93,Rust
Brown,Small,22.94,21.05,Blight
Green,Small,73.08,27.39,Mildew
Yellow,Small,57.31,18.63,Healthy
Brown,None,46.57,34.07,Blight
Brown,None,73.08,23.03,Blight
Green,None,87.21,24.69,Healthy
Brown,Large,82.87,23.04,Blight
Green,Large,74.62,16.14,Blight
Brown,Large,71.53,27.06,Blight
Brown,Small,59.21,34.57,Blight
Brown,Large,53.87,31.78,Blight
Green,Small,32.64,16.11,Healthy
Yellow,Large,77.43,25.06,Blight
Brown,Small,80.82,16.67,Blight
Brown,None,46.18,31.64,Blight
Brown,Large,31.06,25.36,Blight
Yellow,Small,85.3,16.01,Healthy
Green,None,22.9,34.45,Healthy
Brown,Large,22.46,19.76,Blight
Green,Small,83.3,27.84,Mildew
Green,Large,58.28,31.94,Blight
Yellow,Small,33.24,30.02,Rust
Brown,Large,40.6,24.39,Blight
Brown,Large,30.84,23.76,Blight
Brown,Large,69.44,20.03,Blight
Brown,Small,75.54,18.76,Blight
Green,Large,71.94,33.08,Blight
Brown,Small,21.8,15.21,Blight
Brown,Small,65.74,33.37,Blight
Brown,Large,52.15,32.59,Blight
Brown,None,68.53,31.52,Blight
Yellow,Small,51.97,30.9,Mildew
Yellow,Small,62.62,16.66,Healthy
Brown,None,46.02,20.11,Blight
Yellow,Large,53.75,23.05,Blight
Brown,Large,61.19,16.67,Blight
Green,None,68.21,19.6,Healthy
Brown,Small,22.18,17.2,Blight
Green,Small,35.62,20.44,Healthy
Green,Small,77.8,22.11,Healthy
Yellow,Small,82.26,19.04,Healthy
Brown,None,56.9,27.68,Blight
Green,None,88.89,22.96,Healthy
Yellow,Large,50.54,33.98,Blight
Yellow,None,63.92,16.52,Healthy
Yellow,Small,87.18,16.19,Healthy
Green,Small,23.84,25.63,Mildew
Brown,Small,48.49,31.32,Blight
Green,Small,77.95,25.42,Mildew
Green,None,21.57,19.53,Healthy
Green,Small,64.12,19.87,Healthy
Green,None,25.46,22.0,Healthy
Green,None,30.79,26.82,Healthy
Brown,Large,56.93,23.82,Blight
Green,Large,29.22,31.12,Blight
Green,Small,28.21,31.54,Mildew
Green,Small,41.43,24.8,Healthy
Yellow,Small,63.23,20.12,Healthy
Yellow,Large,57.53,23.57,Blight
Yellow,Small,38.76,29.7,Rust
Green,Small,76.54,15.88,Healthy
Yellow,Small,74.95,27.48,Mildew
Brown,None,69.71,32.06,Blight
Brown,Large,61.57,34.15,Blight
Brown,Small,58.04,15.13,Blight
Yellow,None,54.33,32.9,Healthy
Yellow,None,44.73,24.83,Healthy
Yellow,None,29.38,21.3,Rust
Brown,None,46.25,26.63,Blight
Brown,Large,73.34,32.29,Blight
Yellow,Large,23.78,32.48,Blight
Yellow,None,27.21,31.54,Rust
Green,Small,83.62,31.14,Mildew
Brown,None,63.76,15.5,Blight
Green,Large,75.36,22.42,Blight
Green,Small,78.93,32.43,Mildew
Yellow,Small,68.85,20.42,Healthy
Brown,None,36.56,23.83,Blight
Green,Large,70.45,28.41,Blight
Yellow,None,49.6,28.75,Healthy
Yellow,Small,39.78,34.73,Rust
Yellow,None,75.77,32.07,Healthy
Brown,Large,38.21,25.53,Blight
Yellow,None,31.21,18.64,Rust
Yellow,Small,64.79,24.0,Healthy
Green,None,33.34,25.44,Healthy
Yellow,Large,37.17,34.26,Blight
Green,None,68.31,17.77,Healthy
Green,None,34.18,22.02,Healthy
Brown,Large,34.55,31.08,Blight
Brown,Small,41.03,29.27,Blight
Brown,Small,49.19,16.64,Blight
Yellow,Small,83.26,16.63,Healthy
Green,Large,84.5,20.68,Blight
Green,Large,34.03,21.05,Blight
Brown,None,63.67,28.95,Blight
Green,Small,42.55,35.0,Mildew
Brown,None,23.95,23.45,Blight
Yellow,Large,68.4,28.91,Blight
Yellow,Large,48.33,27.08,Blight
Brown,Large,88.15,18.51,Blight
Green,None,77.21,22.48,Healthy
Brown,Small,42.39,20.39,Blight
Green,Large,64.88,23.9,Blight
Yellow,Small,46.24,30.47,Mildew
Yellow,Small,73.05,31.88,Mildew
Brown,Large,32.55,17.58,Blight
Green,None,53.61,30.12,Healthy
Yellow,None,26.81,22.1,Rust
Yellow,Large,61.18,21.21,Blight
Yellow,None,25.89,18.12,Rust
Yellow,None,89.66,34.47,Healthy
Yellow,None,41.63,23.08,Healthy
Yellow,None,87.41,24.82,Healthy
Yellow,None,62.22,32.4,Healthy
Green,Small,53.62,21.33,Healthy
Yellow,Large,67.36,16.31,Blight
Green,Large,73.93,18.07,Blight
Yellow,Small,76.88,22.65,Healthy
Yellow,Small,27.6,31.94,Rust
Yellow,None,69.02,21.98,Healthy
Green,Large,55.73,18.48,Blight
Green,Large,53.53,25.13,Blight
Green,Small,61.03,33.49,Mildew
Brown,None,42.88,29.33,Blight
Brown,Small,77.59,31.1,Blight
Brown,Small,62.72,33.06,Blight
Green,None,30.44,16.42,Healthy
Green,Small,45.21,15.43,Healthy
Brown,Large,47.11,24.39,Blight
Yellow,Large,72.48,24.03,Blight
Green,Small,85.05,30.51,Mildew
Brown,None,50.91,17.99,Blight
Yellow,Large,75.67,27.37,Blight
Yellow,Small,46.47,31.61,Mildew
Brown,None,33.21,34.5,Blight
Yellow,None,72.35,21.89,Healthy
Green,None,49.9,27.29,Healthy
Green,Small,87.24,23.37,Healthy
Brown,None,55.02,23.45,Blight
Brown,Small,80.82,16.73,Blight
Yellow,Large,78.02,18.39,Blight
Yellow,None,55.84,33.72,Healthy
Yellow,None,64.28,22.07,Healthy
Green,Small,42.41,20.98,Healthy
Green,Large,36.41,34.49,Blight
Green,None,22.99,20.71,Healthy
Brown,Large,41.91,21.03,Blight
Green,Small,39.95,21.22,Healthy
Green,None,47.23,27.79,Healthy
Green,Large,32.94,17.92,Blight
Yellow,Large,49.81,25.62,Blight
Green,Large,66.11,33.83,Blight
Green,None,36.72,31.18,Healthy
Green,Small,37.99,22.71,Healthy
Yellow,Large,65.27,31.39,Blight
Green,Large,30.16,33.27,Blight
Green,Small,85.12,32.83,Mildew
Brown,Large,63.77,33.07,Blight
Yellow,Small,72.2,21.8,Healthy
Brown,Large,71.74,34.63,Blight
Yellow,Large,40.34,17.45,Blight
Green,Small,33.9,20.83,Healthy
Yellow,None,76.49,23.54,Healthy
Green,Small,81.28,15.43,Healthy
Brown,Large,50.9,22.92,Blight
Yellow,Large,40.12,26.91,Blight
Brown,Large,54.87,18.8,Blight
Brown,None,26.31,21.26,Blight
Green,Large,82.38,26.03,Blight
Brown,Large,63.98,29.21,Blight
Brown,Large,50.54,29.48,Blight
Yellow,None,65.15,24.05,Healthy
Yellow,None,68.35,33.97,Healthy
Brown,Large,73.99,22.34,Blight
Yellow,Small,23.73,34.66,Rust
Yellow,None,80.92,17.68,Healthy
Green,Small,48.61,33.03,Mildew
Yellow,None,39.46,15.49,Rust
Yellow,None,49.75,18.09,Healthy
Green,Large,23.65,21.42,Blight
Yellow,Large,35.14,21.13,Blight
Brown,Small,26.67,28.52,Blight
Brown,Small,70.33,30.71,Blight
Brown,Small,51.67,16.28,Blight
Yellow,Large,82.7,33.74,Blight
Brown,Large,48.47,17.23,Blight
Yellow,Small,47.35,29.0,Mildew
Brown,None,55.59,22.08,Blight
Green,Large,58.47,27.8,Blight
Yellow,Large,22.67,25.64,Blight
Green,Small,61.76,17.61,Healthy
Green,Large,48.56,17.49,Blight
Green,None,29.01,31.17,Healthy
Yellow,None,51.51,26.58,Healthy
Yellow,None,41.41,18.06,Healthy
Yellow,None,36.1,18.06,Rust
Yellow,Large,50.09,31.07,Blight
Brown,Large,54.23,28.33,Blight
Green,Large,27.07,24.33,Blight
Green,Large,72.42,22.65,Blight
Brown,None,33.82,34.22,Blight
Brown,None,88.26,31.1,Blight
Yellow,Small,80.4,22.04,Healthy
Green,Large,58.99,32.98,Blight
Brown,Large,86.0,16.28,Blight
Brown,Small,53.73,33.01,Blight
Green,Large,23.2,32.88,Blight
Brown,Large,75.92,33.84,Blight
Brown,Small,26.69,17.97,Blight
Brown,Small,72.71,19.43,Blight
Brown,Small,66.88,20.06,Blight
Brown,Large,57.66,25.39,Blight
Green,Large,54.9,30.62,Blight
Yellow,None,35.16,30.78,Rust
Yellow,None,36.36,17.64,Rust
Green,None,49.91,15.84,Healthy
Green,Large,20.88,32.63,Blight
Brown,Large,57.55,19.84,Blight
Green,Small,48.9,31.85,Mildew
Green,Small,69.48,28.82,Mildew
Green,Small,32.42,23.59,Healthy
Green,Large,42.85,15.45,Blight
Yellow,Large,86.16,32.82,Blight
Yellow,Small,22.54,17.07,Rust
Yellow,None,35.91,24.2,Rust
Brown,Small,41.76,15.24,Blight
Brown,None,43.35,23.07,Blight
Brown,Large,25.21,23.4,Blight
Yellow,None,42.09,18.28,Healthy
Yellow,Large,79.05,17.44,Blight
Yellow,Large,28.37,18.74,Blight
Brown,None,31.87,30.91,Blight
Green,Small,62.43,26.5,Mildew
Yellow,Large,47.66,29.16,Blight
Green,Small,71.32,21.16,Healthy
Green,Large,30.23,30.16,Blight
Green,Large,84.39,32.19,Blight
Brown,Small,33.22,29.05,Blight
Brown,None,56.49,18.08,Blight
Yellow,Large,25.39,28.51,Blight
Green,Small,79.32,32.47,Mildew
Green,Small,59.57,18.02,Healthy
Yellow,Small,81.76,17.59,Healthy
Yellow,Large,30.36,27.32,Blight
Yellow,Large,74.58,33.74,Blight
Green,None,73.69,23.52,Healthy
Brown,None,52.0,26.38,Blight
Yellow,Small,57.04,20.27,Healthy
Green,Small,40.58,26.05,Mildew
Green,Small,58.25,22.91,Healthy
Brown,Small,77.49,31.61,Blight
Green,Large,28.29,28.7,Blight
Brown,Large,42.07,30.5,Blight
Brown,None,81.37,33.9,Blight
Green,Small,59.16,23.34,Healthy
Green,Large,49.22,17.8,Blight
Green,Large,53.43,24.01,Blight
Green,Small,88.25,28.0,Mildew
Green,Large,53.99,28.1,Blight
Brown,None,21.43,18.22,Blight
Brown,None,37.82,22.49,Blight
Yellow,Small,31.84,27.94,Rust
Green,None,73.46,31.34,Healthy
Green,Small,27.95,15.03,Healthy
Yellow,Large,22.63,22.7,Blight
Green,Small,35.65,21.43,Healthy
Brown,Large,33.26,27.97,Blight
Brown,Small,27.69,19.27,Blight
Yellow,Small,52.91,17.57,Healthy
Brown,None,20.92,19.99,Blight
Yellow,None,37.81,16.85,Rust
Brown,Small,53.54,16.3,Blight
Green,Small,74.95,31.01,Mildew
Yellow,None,65.0,23.98,Healthy
Yellow,Small,51.03,23.45,Healthy
Brown,Small,28.59,30.11,Blight
Yellow,Small,63.21,22.82,Healthy
Brown,Large,79.06,23.86,Blight
Green,Small,48.51,34.22,Mildew
Green,Large,30.98,23.76,Blight
Yellow,None,56.32,24.82,Healthy
Green,Large,31.2,31.76,Blight
Yellow,None,53.42,16.67,Healthy
Yellow,None,44.23,28.94,Healthy
Brown,None,27.93,33.28,Blight
Brown,Small,81.2,32.02,Blight
Yellow,Large,31.46,25.12,Blight
Yellow,Small,29.8,24.49,Rust
Green,Large,21.23,18.1,Blight
Green,Large,63.85,19.11,Blight
Brown,None,59.44,27.53,Blight
Brown,Large,47.82,16.49,Blight
Yellow,None,48.95,22.28,Healthy
Yellow,Large,67.49,17.28,Blight
Brown,Small,81.8,18.82,Blight
Yellow,Small,53.18,16.27,Healthy
Green,Small,85.53,31.03,Mildew
Yellow,None,73.73,32.95,Healthy
Brown,None,33.9,18.35,Blight
Yellow,None,26.61,18.47,Rust
Brown,Small,47.64,15.27,Blight
Yellow,None,76.85,23.3,Healthy
Yellow,Small,77.17,26.47,Mildew
Brown,Small,80.58,21.52,Blight
Brown,Small,47.39,34.39,Blight
Brown,Small,22.48,34.73,Blight
Yellow,Small,56.95,20.55,Healthy
Green,Small,44.29,16.58,Healthy
Yellow,Small,22.24,32.31,Rust
Brown,None,46.77,19.78,Blight
Brown,Large,48.24,31.77,Blight
Brown,Large,26.35,17.47,Blight
Yellow,None,47.45,26.82,Healthy
Yellow,Small,53.47,22.22,Healthy
Brown,Large,79.33,30.47,Blight
Green,None,38.71,19.84,Healthy
Green,Small,20.36,20.56,Healthy
Green,Small,54.74,34.64,Mildew
Brown,Small,55.82,29.82,Blight
Yellow,Small,58.97,33.56,Mildew
Brown,Large,21.61,21.96,Blight
Green,None,84.27,18.95,Healthy
Green,Large,28.71,33.97,Blight
Yellow,Large,76.5,21.95,Blight
Brown,None,69.32,29.56,Blight
Brown,None,88.14,19.62,Blight
Yellow,Small,69.85,26.25,Mildew
Green,Small,45.64,28.72,Mildew
Brown,Large,44.95,20.34,Blight
Yellow,None,66.06,29.42,Healthy
Green,None,52.73,20.96,Healthy
Green,None,60.05,18.33,Healthy
Brown,None,69.17,22.68,Blight
Green,Large,85.87,28.74,Blight
Yellow,None,63.74,19.92,Healthy
Yellow,Large,80.12,15.05,Blight
Brown,None,83.51,15.73,Blight
Green,None,37.6,22.13,Healthy
Green,None,80.33,23.17,Healthy
Yellow,Small,29.47,27.38,Rust
Yellow,Large,58.93,24.02,Blight
Green,None,50.6,25.27,Healthy
Yellow,Large,86.97,24.78,Blight
Yellow,Large,52.41,30.48,Blight
Green,None,89.89,18.77,Healthy
Yellow,Large,35.29,19.11,Blight
Yellow,None,31.92,23.15,Rust
Yellow,Small,82.83,23.32,Healthy
Yellow,Large,71.39,30.49,Blight
Green,Small,69.82,20.33,Healthy
Green,Small,67.11,24.11,Healthy
Green,None,50.91,15.13,Healthy
Brown,None,82.83,29.83,Blight
Green,Large,48.59,33.08,Blight
Green,None,45.29,20.25,Healthy
Brown,Small,87.12,18.71,Blight
Brown,Large,22.47,16.54,Blight
Green,Large,66.24,28.55,Blight
Green,Small,78.96,33.7,Mildew
Brown,Small,44.51,34.22,Blight
Yellow,Small,71.53,24.06,Healthy
Yellow,Small,20.72,31.98,Rust
Green,Large,39.54,28.76,Blight
Green,Large,65.52,32.9,Blight
Yellow,Small,46.15,29.25,Mildew
Yellow,Large,58.53,33.07,Blight
Brown,None,60.15,20.77,Blight
Yellow,None,74.03,32.98,Healthy
Green,Large,41.32,28.87,Blight
Yellow,None,86.21,27.05,Healthy
Brown,Large,69.08,16.7,Blight
Yellow,Small,25.77,20.72,Rust
Yellow,Large,86.39,22.93,Blight
Brown,None,88.41,21.41,Blight
Yellow,None,24.33,23.44,Rust
Brown,Small,75.41,26.13,Blight
Yellow,None,88.05,22.52,Healthy
Green,Small,63.19,16.97,Healthy
Brown,None,36.02,30.87,Blight
Green,Large,33.65,17.41,Blight
Yellow,None,81.97,33.29,Healthy
Yellow,Large,40.93,27.07,Blight
Green,Small,73.7,22.34,Healthy
Brown,None,23.45,23.5,Blight
Green,None,31.32,15.13,Healthy
Green,Large,47.65,23.08,Blight
Green,Small,36.81,17.81,Healthy
Yellow,Small,26.27,28.89,Rust
Brown,None,29.69,22.81,Blight
Brown,Large,48.99,20.6,Blight
Green,Large,57.14,32.74,Blight
Brown,None,43.9,34.01,Blight
Green,None,24.27,34.26,Healthy
Yellow,Small,66.41,15.28,Healthy
Yellow,Large,36.0,17.77,Blight
Brown,Large,30.41,32.06,Blight
Yellow,Large,46.8,29.83,Blight
Green,Large,88.55,30.15,Blight
Yellow,Small,32.24,25.96,Rust
Brown,None,42.3,24.26,Blight
Brown,None,72.74,22.4,Blight
Brown,Small,88.9,26.39,Blight
Yellow,Large,81.26,21.94,Blight
Yellow,Small,72.4,29.34,Mildew
Brown,Small,62.07,29.2,Blight
Green,Small,40.21,26.66,Mildew
Brown,Small,87.24,33.23,Blight
Yellow,Large,24.22,17.63,Blight
Yellow,None,53.89,24.8,Healthy
Yellow,Large,71.52,21.96,Blight
Green,Small,46.96,33.08,Mildew
Green,Large,32.06,15.72,Blight
Yellow,None,58.47,29.49,Healthy
Brown,Large,24.86,29.43,Blight
Green,None,50.5,27.29,Healthy
Brown,Small,25.34,17.21,Blight
Green,None,37.91,22.24,Healthy
Brown,Large,71.86,33.77,Blight
Brown,None,34.43,34.11,Blight
Green,Small,64.51,15.61,Healthy
Yellow,None,26.64,24.93,Rust
Brown,None,66.62,31.6,Blight
Green,Small,22.69,29.82,Mildew
Brown,None,62.51,23.31,Blight
Brown,Large,37.42,31.34,Blight
Green,Large,31.04,19.78,Blight
Brown,Small,53.31,19.45,Blight
Brown,None,47.17,31.19,Blight
Brown,None,46.58,27.58,Blight
Green,Large,78.48,19.32,Blight
Yellow,Small,57.47,28.81,Mildew
Green,Large,37.21,23.43,Blight
Brown,None,35.16,33.74,Blight
Yellow,Large,76.25,27.57,Blight
Green,Small,49.13,26.81,Mildew
Yellow,Small,30.83,19.97,Rust
Yellow,Large,26.08,33.99,Blight
Brown,Large,76.78,18.23,Blight
Brown,Small,22.35,21.02,Blight
Brown,None,81.87,31.6,Blight
Yellow,None,48.64,25.54,Healthy
Yellow,Small,37.59,20.4,Rust
Green,Large,84.65,18.3,Blight
Yellow,Large,81.81,20.99,Blight
Green,Large,63.46,25.62,Blight
Green,None,86.3,15.59,Healthy
Yellow,Small,63.38,16.69,Healthy
Green,Large,32.74,30.16,Blight
Brown,None,77.75,32.74,Blight
Green,None,37.79,16.8,Healthy
Green,Small,35.15,30.14,Mildew
Green,None,69.99,15.58,Healthy
Yellow,Large,51.83,27.0,Blight
Yellow,None,32.34,20.22,Rust
Yellow,None,89.24,34.15,Healthy
Green,Large,83.21,16.86,Blight
Green,Small,31.74,20.27,Healthy
Brown,Small,73.92,27.22,Blight
Green,Large,41.1,18.74,Blight
Green,Small,65.05,21.24,Healthy
Yellow,Large,29.6,20.28,Blight
Brown,Large,63.8,23.31,Blight
Green,Small,32.44,23.26,Healthy
Green,Large,38.52,34.97,Blight
Brown,Small,34.41,18.41,Blight
Brown,None,57.59,25.27,Blight
Yellow,None,79.52,25.54,Healthy
Brown,Large,52.82,26.61,Blight
Green,None,24.09,33.62,Healthy
Yellow,None,77.64,25.11,Healthy
Green,Small,68.63,20.33,Healthy
Yellow,None,51.42,23.2,Healthy
Green,Large,54.98,24.42,Blight
Green,None,47.8,24.15,Healthy
Green,None,85.04,25.49,Healthy
Green,None,54.94,18.67,Healthy
Yellow,Large,28.4,26.8,Blight
Yellow,None,48.51,26.43,Healthy
Yellow,Large,81.16,31.82,Blight
Brown,None,49.47,31.16,Blight
Green,Small,58.68,25.92,Mildew
Green,Large,60.91,24.32,Blight
Brown,Large,76.22,27.38,Blight
Yellow,None,78.71,34.45,Healthy
Yellow,None,34.19,29.8,Rust
Yellow,None,63.52,25.57,Healthy
Brown,Large,80.92,25.88,Blight
Yellow,Large,27.48,24.67,Blight
Green,Large,58.72,34.44,Blight
Green,Large,22.4,21.5,Blight
Brown,None,50.48,25.11,Blight
Yellow,None,83.55,23.53,Healthy
Green,None,21.34,16.83,Healthy
Yellow,None,44.38,34.32,Healthy
Yellow,Small,48.58,23.73,Healthy
Brown,Small,30.01,23.91,Blight
Green,Small,83.4,31.07,Mildew
Green,Large,20.11,19.82,Blight
Yellow,Small,59.96,26.03,Mildew
Green,None,42.43,17.9,Healthy
Brown,None,42.93,17.4,Blight
Brown,None,30.01,27.41,Blight
Yellow,Large,80.52,27.08,Blight
Yellow,Large,21.48,15.66,Blight
Green,Small,34.31,20.95,Healthy
Brown,Small,79.25,28.73,Blight
Yellow,None,55.43,25.69,Healthy
Green,Large,82.98,23.84,Blight
Brown,None,74.61,29.48,Blight
Green,Small,84.79,19.48,Healthy
Green,Small,89.29,24.93,Healthy
Yellow,Large,65.27,33.74,Blight
Brown,Large,35.84,23.91,Blight
Green,None,66.57,25.63,Healthy
Brown,Small,34.03,34.68,Blight
Green,Large,51.66,31.5,Blight
Brown,Large,74.1,22.84,Blight
Yellow,Large,45.92,19.54,Blight
Green,None,44.97,17.86,Healthy
Green,Large,39.11,19.28,Blight
Brown,None,76.9,15.61,Blight
Yellow,Small,71.12,24.8,Healthy
Brown,Large,28.78,19.45,Blight
Green,None,46.64,22.77,Healthy
Green,Large,89.87,15.75,Blight
Green,None,24.04,22.02,Healthy
Yellow,Large,50.77,26.68,Blight
Brown,None,35.71,34.38,Blight
Brown,None,76.37,18.18,Blight
Brown,Large,73.27,27.11,Blight
Yellow,Small,73.5,34.93,Mildew
Yellow,Small,77.31,34.91,Mildew
Brown,Large,85.24,27.19,Blight
Brown,Large,20.81,25.04,Blight
Yellow,Large,77.57,22.73,Blight
Brown,None,77.0,26.67,Blight
Green,Large,24.51,16.66,Blight
Green,None,44.86,23.49,Healthy
Yellow,Small,57.89,15.93,Healthy
Brown,Large,21.78,17.21,Blight
Brown,None,53.75,19.74,Blight
Yellow,Large,30.57,26.68,Blight
Yellow,Small,77.78,30.12,Mildew
Yellow,Small,39.03,15.0,Rust
Brown,Large,86.1,25.84,Blight
Yellow,Large,35.57,28.02,Blight
Yellow,Large,74.97,20.76,Blight
Yellow,Small,79.87,30.91,Mildew
Yellow,Large,46.98,22.24,Blight
Brown,Large,45.61,20.85,Blight
Brown,Large,64.34,17.79,Blight
Yellow,Small,41.97,25.91,Mildew
Yellow,Large,23.64,27.64,Blight
Yellow,None,26.93,33.26,Rust
Yellow,None,51.09,28.62,Healthy
Brown,None,88.59,20.12,Blight
Green,Large,74.14,34.76,Blight
Green,Large,25.82,31.45,Blight
Brown,Small,36.15,31.8,Blight
Green,Small,47.73,20.43,Healthy
Yellow,Small,39.25,26.7,Rust
Brown,None,76.16,17.29,Blight
Yellow,Large,82.02,21.84,Blight
Yellow,Small,35.49,29.21,Rust
Brown,Large,37.43,28.04,Blight
Green,Small,38.73,17.22,Healthy
Yellow,None,83.24,34.34,Healthy
Yellow,Large,58.63,34.44,Blight
Yellow,Large,81.43,23.65,Blight
Yellow,Small,61.54,26.32,Mildew
Green,None,68.09,28.97,Healthy
Brown,Large,82.21,23.51,Blight
Green,None,35.23,15.37,Healthy
Brown,None,51.86,33.4,Blight
Yellow,Small,63.4,35.0,Mildew
Green,None,47.52,24.13,Healthy
Yellow,None,42.32,29.08,Healthy
Brown,None,60.79,34.12,Blight
Green,Small,34.59,17.45,Healthy
Brown,Small,77.13,29.7,Blight
Brown,None,56.53,26.45,Blight
Brown,Small,72.19,18.99,Blight
Yellow,None,25.7,26.0,Rust
Brown,Small,26.68,25.73,Blight
Brown,Small,60.17,15.75,Blight
Yellow,Large,24.12,27.01,Blight
Green,Large,73.08,34.13,Blight
Yellow,Small,52.47,20.47,Healthy
Brown,Large,41.7,28.23,Blight
Yellow,Large,62.44,15.0,Blight
Brown,Large,54.05,16.07,Blight
Yellow,None,79.02,27.87,Healthy
Brown,Large,39.57,16.75,Blight
Yellow,Large,51.16,26.24,Blight
Brown,None,24.98,28.37,Blight
Green,Small,59.17,25.17,Mildew
Green,Large,86.55,26.48,Blight
Green,Small,60.4,34.76,Mildew
Yellow,None,62.28,25.43,Healthy
Brown,Small,62.55,17.75,Blight
Brown,Small,26.9,32.35,Blight
Yellow,Small,28.88,23.7,Rust
Green,Small,21.59,16.65,Healthy
Yellow,None,26.48,15.5,Rust
Yellow,Large,24.24,29.08,Blight
Yellow,Small,33.59,19.91,Rust
Brown,None,86.25,19.13,Blight
Yellow,Small,66.22,27.06,Mildew
Brown,Large,24.9,20.94,Blight
Yellow,Large,39.51,19.71,Blight
Green,None,41.66,18.42,Healthy
Brown,None,21.99,34.3,Blight
Green,None,45.98,20.38,Healthy
Yellow,Large,82.73,22.9,Blight
Yellow,None,56.65,15.55,Healthy
Brown,Small,87.7,31.63,Blight
Yellow,None,63.21,29.75,Healthy
Yellow,None,23.81,17.34,Rust
Yellow,None,27.92,20.38,Rust
Brown,Large,83.02,16.65,Blight
Green,None,25.88,31.23,Healthy
Green,Small,47.6,19.04,Healthy
Yellow,Large,59.85,34.76,Blight
Yellow,Small,60.48,29.71,Mildew
Brown,Small,21.23,34.04,Blight
Green,Large,29.97,32.24,Blight
Brown,None,23.8,21.13,Blight
Green,Large,72.79,15.24,Blight
Brown,None,36.78,33.14,Blight
Yellow,Small,29.35,25.93,Rust
Green,None,72.83,26.22,Healthy
Brown,Large,54.68,21.82,Blight
Yellow,None,54.98,33.92,Healthy
Green,Large,53.3,29.52,Blight
Green,None,84.42,18.67,Healthy
Brown,None,57.84,30.41,Blight
Green,None,23.12,23.87,Healthy
Brown,Small,87.16,30.39,Blight
Green,Small,82.56,29.35,Mildew
Yellow,None,64.68,19.83,Healthy
Yellow,Large,48.96,24.95,Blight
Yellow,Large,29.74,25.99,Blight
Brown,Small,40.67,32.32,Blight
Brown,None,46.4,27.84,Blight
Green,Large,78.27,15.19,Blight
Brown,None,47.86,25.82,Blight
Green,Large,57.98,23.58,Blight
Green,None,70.43,22.74,Healthy
Yellow,Small,42.24,16.16,Healthy
Green,Large,50.15,30.53,Blight
Brown,Large,54.68,18.62,Blight
Yellow,Small,28.73,19.31,Rust
Yellow,Large,70.55,18.47,Blight
Brown,None,65.77,28.69,Blight
Green,Small,34.52,33.29,Mildew
Green,None,69.5,30.86,Healthy
Yellow,Large,39.08,20.75,Blight
Brown,Large,23.07,21.16,Blight
Yellow,Small,53.43,16.45,Healthy
Brown,Large,37.17,29.6,Blight
Green,Small,34.17,27.99,Mildew
Green,Small,58.22,30.6,Mildew
Yellow,Small,48.12,31.89,Mildew
Brown,Large,38.01,34.19,Blight
Yellow,Small,61.11,29.03,Mildew
Yellow,Small,27.35,34.84,Rust
Yellow,None,22.25,15.99,Rust
Green,Small,24.54,21.33,Healthy
Brown,None,88.51,17.74,Blight
Yellow,Large,38.34,15.99,Blight
Brown,Small,46.5,21.79,Blight
Brown,Small,42.85,32.63,Blight
Brown,Small,88.04,24.72,Blight
Brown,None,30.03,18.51,Blight
Brown,Small,38.79,19.3,Blight
Yellow,None,68.15,33.84,Healthy
Yellow,Small,78.0,31.77,Mildew
Green,Small,84.4,16.48,Healthy
Brown,None,44.03,34.16,Blight
Yellow,Large,80.71,31.07,Blight
Brown,Small,52.45,34.61,Blight
Brown,Large,34.91,26.03,Blight
Green,Large,43.88,28.2,Blight
Yellow,None,80.55,28.7,Healthy
Brown,Small,28.13,22.78,Blight
Green,None,65.54,19.12,Healthy
Green,Small,23.0,33.25,Mildew
Yellow,None,44.81,29.18,Healthy
Yellow,Small,53.52,34.73,Mildew
Brown,Large,35.17,23.67,Blight
Brown,Small,85.86,17.42,Blight
Yellow,Small,82.64,28.88,Mildew
Green,Large,47.67,34.54,Blight
Green,Large,21.94,18.74,Blight
Green,Large,89.31,23.31,Blight
Brown,None,25.43,25.87,Blight
Brown,None,66.82,33.33,Blight
Green,Small,61.71,20.28,Healthy
Yellow,Small,85.97,27.06,Mildew
Yellow,None,38.37,32.2,Rust
Yellow,None,68.18,24.01,Healthy
Yellow,Small,75.89,21.46,Healthy
Green,Small,61.74,29.35,Mildew
Yellow,None,26.83,17.82,Rust
Green,Large,86.58,17.14,Blight
Green,Small,23.86,25.02,Mildew
Green,Small,89.72,19.32,Healthy
Green,Large,51.29,25.55,Blight
Yellow,Large,83.26,23.35,Blight
Green,Small,56.73,33.16,Mildew
Yellow,Large,42.33,21.05,Blight
Brown,None,54.1,34.94,Blight
Yellow,None,79.52,25.05,Healthy
Green,None,77.21,25.74,Healthy
Yellow,None,49.74,27.08,Healthy
Yellow,Large,89.62,29.44,Blight
Yellow,None,57.2,23.27,Healthy
Green,Large,88.87,29.06,Blight
Brown,None,76.43,15.64,Blight
Yellow,None,32.41,15.26,Rust
Green,None,56.2,29.31,Healthy
Brown,None,26.56,19.32,Blight
Green,Large,71.87,31.46,Blight
Brown,Large,60.32,17.03,Blight
Yellow,Small,79.24,28.76,Mildew
Brown,Large,25.15,34.79,Blight
Brown,Large,57.62,32.84,Blight
Green,Large,31.92,26.41,Blight
Yellow,None,81.96,17.38,Healthy
Brown,Small,73.36,32.09,Blight
Yellow,None,39.24,24.99,Rust
Brown,None,37.1,26.68,Blight
Green,Small,85.19,23.16,Healthy
Brown,Small,62.03,30.49,Blight
Yellow,Large,48.49,21.61,Blight
Brown,Small,26.22,33.5,Blight
Green,None,50.87,30.16,Healthy
Brown,None,57.63,24.73,Blight
Brown,Large,27.04,32.54,Blight
Green,None,53.22,25.86,Healthy
Green,Large,84.65,26.43,Blight
Brown,Large,70.17,30.78,Blight
Green,None,26.58,28.03,Healthy
Green,Small,66.46,31.21,Mildew
Brown,Large,41.81,28.33,Blight
Green,None,54.0,29.57,Healthy
Green,None,73.62,16.13,Healthy
Yellow,None,46.04,29.47,Healthy
Brown,Large,59.5,22.46,Blight
Green,Large,40.77,30.1,Blight
Green,None,88.54,15.51,Healthy
Green,None,58.42,24.3,Healthy
Brown,Large,85.22,21.52,Blight
Green,Small,55.33,23.81,Healthy
Brown,Small,24.06,18.5,Blight
Yellow,Large,58.87,30.89,Blight
Yellow,Large,20.61,33.2,Blight
Green,Large,50.8,29.02,Blight
Yellow,Large,67.73,18.09,Blight
Brown,None,82.96,29.93,Blight
Green,Small,81.38,22.25,Healthy
Green,None,41.19,20.41,Healthy
Yellow,Small,47.16,30.11,Mildew
Yellow,None,44.2,17.87,Healthy
Yellow,Large,31.09,15.28,Blight
Green,Large,62.37,33.7,Blight
Yellow,None,62.5,34.15,Healthy
Green,Large,23.76,21.18,Blight
Green,None,66.0,32.33,Healthy
Green,None,25.65,26.98,Healthy
Brown,Large,33.88,25.1,Blight
Yellow,None,50.12,31.31,Healthy
Brown,None,52.04,21.02,Blight
Yellow,Small,33.46,15.16,Rust
Yellow,Large,38.08,25.79,Blight
Brown,Large,54.65,24.86,Blight
Yellow,Large,81.6,34.96,Blight
Brown,None,71.79,16.58,Blight
Brown,Small,61.34,24.39,Blight
Green,Large,73.74,34.48,Blight
Yellow,None,38.99,17.32,Rust
Yellow,None,84.43,17.29,Healthy
Yellow,Small,81.61,34.55,Mildew
Brown,Small,54.41,16.64,Blight
Brown,Small,84.19,32.51,Blight
Yellow,None,65.2,21.62,Healthy
Brown,Large,34.26,29.53,Blight
Yellow,Large,36.26,17.02,Blight
Brown,None,43.91,25.12,Blight
Green,None,27.93,23.86,Healthy
Brown,None,46.01,34.71,Blight
Brown,Large,71.14,24.79,Blight
Yellow,None,51.19,17.27,Healthy
Brown,None,69.82,30.6,Blight
Yellow,None,37.39,18.31,Rust
Yellow,None,49.3,15.42,Healthy
Brown,Small,27.05,24.67,Blight
Brown,None,82.7,20.46,Blight
Green,Small,46.67,18.05,Healthy
Brown,None,45.31,33.9,Blight
Brown,None,33.13,34.84,Blight
Yellow,Large,41.55,31.79,Blight
Brown,None,81.81,16.81,Blight
Brown,None,35.79,16.07,Blight
Yellow,Small,44.02,24.63,Healthy
Yellow,Small,86.88,32.99,Mildew
Yellow,Large,26.61,23.73,Blight
Green,None,74.27,33.16,Healthy
Brown,Small,43.16,32.43,Blight
Brown,Small,46.33,34.15,Blight
Green,Large,87.09,32.0,Blight
Yellow,Large,82.73,31.54,Blight
Green,Large,35.4,34.61,Blight
Green,None,24.47,19.23,Healthy
Green,None,83.62,24.12,Healthy
Yellow,Small,68.71,25.38,Mildew
Green,None,57.45,24.4,Healthy
Green,None,66.71,28.85,Healthy
Green,None,61.67,24.55,Healthy
Green,None,59.43,34.92,Healthy
Green,Large,21.41,22.33,Blight
Brown,Small,54.19,29.53,Blight
Yellow,Large,43.76,21.85,Blight
Brown,None,51.26,33.28,Blight
Green,Large,76.47,32.7,Blight
Yellow,Small,89.37,22.31,Healthy
Brown,Large,45.26,34.92,Blight
Yellow,Large,56.6,28.11,Blight
Green,Small,47.6,30.96,Mildew
Green,Small,71.2,20.82,Healthy
Brown,None,20.77,27.08,Blight
Green,None,38.37,17.67,Healthy
Green,Large,66.12,16.06,Blight
Green,Large,34.33,16.46,Blight
Brown,None,82.86,19.21,Blight
Brown,Large,67.99,30.47,Blight
Yellow,Small,59.66,30.22,Mildew
Yellow,Large,61.71,18.67,Blight
Brown,Large,46.97,19.09,Blight
Green,Small,36.13,29.79,Mildew
Green,Small,77.38,24.96,Healthy
Brown,Large,77.75,34.54,Blight
Yellow,None,50.31,17.15,Healthy
Brown,Large,37.95,25.81,Blight
Yellow,Small,31.33,16.2,Rust
Brown,Small,29.42,34.19,Blight
Brown,Small,76.81,16.03,Blight
Yellow,None,84.22,19.84,Healthy
Brown,None,77.62,21.79,Blight
Yellow,Small,63.13,16.52,Healthy
Green,Small,61.38,19.35,Healthy
Brown,None,89.8,30.28,Blight
Green,Small,54.1,30.04,Mildew
Green,Small,76.75,19.72,Healthy
Brown,None,48.58,25.61,Blight
Yellow,Small,38.93,19.37,Rust
Brown,Small,76.8,28.15,Blight
Yellow,None,50.44,17.2,Healthy
Yellow,None,58.83,16.6,Healthy
Green,Small,87.6,30.28,Mildew
Green,Large,77.6,26.29,Blight
Green,Small,50.62,18.25,Healthy
Brown,Large,59.12,27.9,Blight
Green,Small,49.83,17.77,Healthy
Green,Small,75.52,34.29,Mildew
Brown,None,87.95,34.76,Blight
Green,None,69.57,16.22,Healthy
Green,None,67.34,33.34,Healthy
Brown,None,38.65,15.13,Blight
Brown,None,64.01,15.43,Blight
Green,Small,67.98,18.44,Healthy
Green,Large,43.4,17.34,Blight
Green,Large,78.76,31.33,Blight
Green,Large,82.75,15.27,Blight
Brown,Small,89.71,18.74,Blight
Green,Small,42.82,31.8,Mildew
Green,Large,34.44,29.54,Blight
Yellow,None,26.58,15.83,Rust
Yellow,None,25.8,34.33,Rust
Brown,Small,20.0,24.96,Blight
Green,Large,67.98,30.74,Blight
Brown,None,24.02,21.21,Blight
Brown,None,21.82,32.09,Blight
Yellow,Small,62.69,15.61,Healthy
Brown,Small,80.39,29.18,Blight
Brown,None,45.76,34.99,Blight
Green,None,20.27,28.6,Healthy
Yellow,None,43.98,28.48,Healthy
Yellow,Large,22.08,32.07,Blight
Yellow,Small,28.25,33.02,Rust
Green,Small,56.04,27.37,Mildew
Green,Large,52.14,27.4,Blight
Green,Large,80.82,17.66,Blight
Brown,Small,56.92,31.97,Blight
Green,Large,30.84,25.68,Blight
Brown,None,57.57,34.17,Blight
Brown,Small,48.57,25.04,Blight
Green,Small,50.23,25.54,Mildew
Green,Large,84.41,16.09,Blight
Yellow,None,37.05,16.29,Rust
Yellow,Large,53.76,16.06,Blight
Yellow,Large,30.97,18.64,Blight
Yellow,Large,43.71,34.75,Blight
Yellow,None,59.29,27.5,Healthy
Green,None,47.46,25.86,Healthy
Green,Large,87.67,24.23,Blight
Yellow,Large,87.78,26.1,Blight
Yellow,None,43.71,27.1,Healthy
Brown,Small,25.33,27.15,Blight
Yellow,Large,36.59,29.78,Blight
Green,None,77.53,16.24,Healthy
Yellow,Small,25.59,29.56,Rust
Green,None,58.94,28.41,Healthy
Green,None,24.06,21.71,Healthy
Yellow,Small,66.2,33.61,Mildew
Green,Large,60.95,29.54,Blight
Brown,Small,63.63,33.15,Blight
Brown,Small,60.69,24.9,Blight
Brown,Large,81.93,24.77,Blight
Brown,Small,61.98,25.73,Blight
Green,None,36.58,19.38,Healthy
Brown,Large,68.85,34.92,Blight
Yellow,Large,68.02,29.1,Blight
Yellow,Large,27.9,25.46,Blight
Green,None,79.53,31.9,Healthy
Green,Small,32.85,25.95,Mildew
Yellow,None,44.85,34.57,Healthy
Brown,Small,35.22,22.63,Blight
Brown,Small,79.26,34.07,Blight
Green,Small,43.02,17.52,Healthy
Yellow,Small,69.63,25.33,Mildew
Yellow,Large,38.17,30.71,Blight
Yellow,Large,20.68,18.34,Blight
Brown,Large,40.94,25.41,Blight
Green,Large,57.54,18.06,Blight
Yellow,Large,21.67,26.24,Blight
Green,Large,89.29,16.34,Blight
Green,Large,62.12,33.99,Blight
Yellow,Small,73.68,33.96,Mildew
Green,None,71.05,27.02,Healthy
Green,Small,39.33,27.11,Mildew
Yellow,Small,84.85,21.97,Healthy
Yellow,Large,75.02,32.48,Blight
Green,None,31.38,16.28,Healthy
Yellow,None,82.34,16.13,Healthy
Brown,Small,31.34,26.86,Blight
Brown,Small,76.2,20.16,Blight
Green,Small,56.53,21.92,Healthy
Yellow,None,60.62,17.92,Healthy
Yellow,Small,75.32,19.43,Healthy
Yellow,None,57.46,34.82,Healthy
Yellow,None,57.19,30.19,Healthy
Yellow,None,69.45,23.15,Healthy
Yellow,None,84.67,24.28,Healthy
Brown,Large,55.59,23.47,Blight
Green,None,28.19,30.63,Healthy
Yellow,None,78.37,15.84,Healthy
Yellow,Large,43.29,30.39,Blight
Yellow,None,68.08,15.28,Healthy
Green,Small,88.08,28.2,Mildew
Yellow,None,88.9,16.24,Healthy
Yellow,Small,58.23,33.64,Mildew
Yellow,Large,62.57,31.4,Blight
Green,Large,84.68,17.06,Blight
Brown,Large,32.87,21.86,Blight
Yellow,Small,89.08,19.13,Healthy
Yellow,Large,29.26,30.22,Blight
Green,Small,76.54,29.96,Mildew
Brown,Large,55.33,24.64,Blight
Brown,Large,32.0,26.67,Blight
Brown,Large,39.32,33.36,Blight
Green,Large,32.88,20.46,Blight
Yellow,Small,26.18,15.24,Rust
Yellow,Small,42.38,18.99,Healthy
Brown,Large,68.05,17.42,Blight
Brown,Small,41.97,26.5,Blight
Brown,Small,52.08,24.94,Blight
Yellow,Small,52.12,18.47,Healthy
Green,None,41.62,26.43,Healthy
Green,None,28.74,19.12,Healthy
Green,Small,48.86,20.19,Healthy
Green,Large,63.26,15.62,Blight
Yellow,Large,43.84,25.1,Blight
Green,None,47.24,30.57,Healthy
Green,None,85.79,25.19,Healthy
Green,Small,85.45,20.23,Healthy
Green,None,36.85,21.19,Healthy
Green,None,82.98,20.11,Healthy
Yellow,None,38.91,25.49,Rust
Yellow,Large,33.34,33.28,Blight
Yellow,Small,63.12,17.13,Healthy
Brown,None,42.61,29.74,Blight
Green,Small,54.09,25.98,Mildew
Green,Large,89.75,18.6,Blight
Green,Small,76.79,16.04,Healthy
Brown,None,58.43,17.43,Blight
Green,Large,25.84,17.11,Blight
Green,None,71.21,21.48,Healthy
Yellow,Small,84.14,16.4,Healthy
Yellow,Large,45.71,30.01,Blight
Brown,Small,51.36,21.6,Blight
Green,None,83.17,19.92,Healthy
Green,Large,59.85,17.4,Blight
Green,None,49.72,26.62,Healthy
Yellow,None,51.18,19.62,Healthy
Brown,Small,29.93,20.92,Blight
Yellow,Small,84.24,26.99,Mildew
Yellow,Small,85.45,16.41,Healthy
Yellow,Large,45.82,33.98,Blight
Green,Large,63.09,19.8,Blight
Brown,Small,51.86,32.63,Blight
Brown,Large,39.78,16.83,Blight
Yellow,Small,32.44,33.67,Rust
Yellow,None,44.98,18.27,Healthy
Green,None,49.97,27.28,Healthy
Yellow,Small,59.19,34.97,Mildew
Yellow,Small,35.58,33.56,Rust
Green,None,76.47,17.59,Healthy
Green,Small,21.21,19.3,Healthy
Green,Large,38.61,19.66,Blight
Green,None,27.11,30.2,Healthy
Brown,Large,30.38,15.91,Blight
Yellow,Small,62.13,31.11,Mildew
Yellow,Large,33.65,20.3,Blight
Green,Small,73.69,33.64,Mildew
Brown,Large,58.99,18.87,Blight
Green,Small,55.66,19.82,Healthy
Yellow,Small,52.33,33.39,Mildew
Yellow,Small,81.62,33.64,Mildew
Green,Large,24.03,19.84,Blight
Yellow,None,75.05,20.38,Healthy
Brown,Large,88.13,23.27,Blight
Yellow,None,62.99,32.42,Healthy
Brown,Large,43.93,19.28,Blight
Green,Large,68.36,28.24,Blight
Brown,Small,33.19,24.61,Blight
Yellow,Large,79.36,32.14,Blight
Yellow,Small,44.79,18.58,Healthy
Green,None,44.46,23.71,Healthy
Yellow,Small,65.55,27.42,Mildew
Green,Large,25.65,25.06,Blight
Green,Large,77.47,20.07,Blight
Yellow,Large,52.76,25.59,Blight
Brown,Small,28.84,16.7,Blight
Brown,Large,67.56,30.45,Blight
Yellow,Small,75.13,26.65,Mildew
Green,Small,38.65,19.83,Healthy
Brown,Large,20.23,27.89,Blight
Yellow,Large,51.6,28.09,Blight
Brown,Large,87.27,17.14,Blight
Green,Large,64.7,25.46,Blight
Yellow,Small,57.79,28.6,Mildew
Green,None,35.78,21.76,Healthy
Yellow,Small,39.38,28.44,Rust
Yellow,Large,75.69,17.83,Blight
Yellow,Large,86.28,28.57,Blight
Green,Small,50.54,29.04,Mildew
Yellow,Small,52.49,22.17,Healthy
Brown,None,69.19,27.85,Blight
Brown,Small,52.93,34.7,Blight
Green,Small,23.38,17.24,Healthy
Green,None,22.25,26.65,Healthy
Green,None,33.76,21.38,Healthy
Brown,None,43.83,22.32,Blight
Green,None,31.65,31.91,Healthy
Brown,Large,25.84,30.2,Blight
Brown,Small,38.51,28.61,Blight
Green,Small,59.65,26.18,Mildew
Green,Large,30.41,26.91,Blight
Brown,Small,84.82,33.92,Blight
Brown,None,43.25,26.11,Blight
Green,Small,61.74,32.01,Mildew
Brown,None,63.79,18.32,Blight
Yellow,Small,78.72,24.1,Healthy
Yellow,Large,35.91,24.05,Blight
Green,None,82.82,17.97,Healthy
Green,Small,36.51,22.62,Healthy
Yellow,Large,74.76,26.05,Blight
Brown,Large,42.21,34.17,Blight
Brown,None,68.78,34.01,Blight
Green,Small,70.77,17.69,Healthy
Green,Large,56.93,30.81,Blight
Brown,None,54.54,28.27,Blight
Brown,Large,67.71,16.54,Blight
Yellow,Large,60.83,28.4,Blight
Green,None,44.92,33.1,Healthy
Green,Small,80.92,19.89,Healthy
Brown,Large,63.6,34.19,Blight
Brown,Small,22.84,33.79,Blight
Yellow,None,76.84,26.3,Healthy
Yellow,None,22.63,28.3,Rust
Green,Large,41.99,25.31,Blight
Yellow,Large,38.35,25.01,Blight
Yellow,Small,54.3,26.15,Mildew
Yellow,None,47.36,17.16,Healthy
Yellow,Small,85.66,21.33,Healthy
Yellow,Large,49.19,31.01,Blight
Green,Small,85.48,27.22,Mildew
Green,None,39.31,25.24,Healthy
Brown,None,77.97,18.7,Blight
Brown,Small,31.08,34.88,Blight
Yellow,None,35.87,21.12,Rust
Green,None,48.88,23.01,Healthy
Brown,Large,84.34,22.86,Blight
Brown,Large,85.92,25.9,Blight
Green,Small,81.5,25.38,Mildew
Green,None,29.84,33.68,Healthy
Yellow,Small,23.78,20.12,Rust
Yellow,None,55.06,26.82,Healthy
Brown,Large,51.07,21.23,Blight
